player_id,player_name,risk_probability,risk_class,risk_level
1,?ukasz Fabia?ski,0.0,0,Low
3,?ukasz Skorupski,0.009877961234745153,0,Low
5,Aaron Cresswell,0.01,0,Low
6,Aaron Hickey,0.009877961234745153,0,Low
7,Aaron Ramsdale,0.0,0,Low
8,Aaron Ramsey,0.029520568102299465,0,Low
9,Aaron Wan-Bissaka,0.019636826482972106,0,Low
11,Aar�n Mart�n,0.0,0,Low
12,Abdallah Sima,0.0,0,Low
13,Abdelhamid Sabiri,0.0,0,Low
14,Abdessamad Ezzalzouli,0.0,0,Low
15,Abdou Diallo,0.13707043215886647,0,Low
18,Abdoulaye Bamba,0.0,0,Low
20,Abdu Cont�,0.01975886524822695,0,Low
24,Achraf Dari,0.0,0,Low
25,Achraf Hakimi,0.0,0,Low
26,Adam Armstrong,0.0,0,Low
29,Adam Hlo?ek,0.0,0,Low
30,Adam Lallana,0.009877961234745153,0,Low
31,Adam Maru�i?,0.019877961234745153,0,Low
33,Adam Ounas,0.01,0,Low
34,Adam Smith,0.0,0,Low
35,Adam Webster,0.0892736529659442,0,Low
36,Adama Soumaoro,0.009877961234745153,0,Low
37,Adama Traor�,0.0,0,Low
38,Ademola Lookman,0.0,0,Low
40,Adil Rami,0.009877961234745153,0,Low
42,Ado Onaiwu,0.01,0,Low
44,Adri Embarba,0.019697471243170974,0,Low
46,Adrien Hunou,0.0,0,Low
47,Adrien Rabiot,0.00964260686755431,0,Low
48,Adrien Tameze,0.0,0,Low
49,Adrien Thomasson,0.0,0,Low
50,Adrien Truffert,0.0,0,Low
51,Agust�n Marches�n,0.0,0,Low
52,Agust�n Rogel,0.0,0,Low
54,Aihen Mu�oz,0.0,0,Low
55,Aimar Oroz,0.01,0,Low
56,Ainsley Maitland-Niles,0.6153800994699439,1,High
57,Aitor Fern�ndez,0.0,0,Low
59,Aitor Ruibal,0.0,0,Low
61,Akim Zedadka,0.0,0,Low
64,Alassane Pl�a,0.0,0,Low
65,Alban Lafont,0.0,0,Low
69,Alberto Grassi,0.009758865248226951,0,Low
70,Alberto Moreno,0.0,0,Low
72,Albin Ekdal,0.0,0,Low
73,Aleix Garc�a,0.029877961234745155,0,Low
74,Aleix Vidal,0.0,0,Low
76,Alejandro Balde,0.05897544667232116,0,Low
78,Alejandro Pozo Pozo,0.0,0,Low
81,Aleksandar Mitrovi?,0.009877961234745153,0,Low
82,Aleksandr Golovin,0.0,0,Low
83,Aleksei Miranchuk,0.02,0,Low
84,Alessandro Bastoni,0.04975592246949031,0,Low
86,Alessandro Buongiorno,0.0,0,Low
91,Alessio Romagnoli,0.01,0,Low
93,Alex Baena,0.009877961234745153,0,Low
94,Alex Ferrari,0.0,0,Low
95,Alex Iwobi,0.0,0,Low
96,Alex Kr�l,0.0,0,Low
97,Alex Meret,0.07728562744263408,0,Low
99,Alex Sandro,0.02949952136802452,0,Low
101,Alex Telles,0.0,0,Low
103,Alexander Djiku,0.0,0,Low
104,Alexander Hack,0.0,0,Low
105,Alexander Isak,0.009877961234745153,0,Low
108,Alexander N�bel,0.0,0,Low
109,Alexander Schwolow,0.0,0,Low
110,Alexander S�rloth,0.03969452846443433,0,Low
111,Alexandre Coeff,0.0,0,Low
112,Alexandre Lacazette,0.0,0,Low
114,Alexis Blin,0.0,0,Low
115,Alexis Claude-Maurice,0.03957526444085595,0,Low
116,Alexis Flips,0.0,0,Low
117,Alexis Mac Allister,0.039529085872576177,0,Low
118,Alexis Saelemaekers,0.0,0,Low
119,Alexis S�nchez,0.0,0,Low
121,Alexsandro Ribeiro,0.039433096223243445,0,Low
122,Alfonso Espino,0.019697471243170974,0,Low
123,Alfonso Pedraza,0.0,0,Low
124,Alfred Duncan,0.0,0,Low
125,Alidu Seidu,0.0,0,Low
126,Alisson,0.0,0,Low
127,Allan Saint-Maximin,0.0,0,Low
131,Alphonso Davies,0.059285008342066486,0,Low
132,Amadou Haidara,0.029636826482972105,0,Low
133,Amadou Onana,0.009938605994944024,0,Low
135,Amath,0.019816567229689178,0,Low
137,Amine Adli,0.029816567229689176,0,Low
138,Amine Gouiri,0.0,0,Low
139,Amine Harit,0.00964260686755431,0,Low
140,Amine Salama,0.0,0,Low
141,Amir Rrahmani,0.06923025776475841,0,Low
142,Amos Pieper,0.0,0,Low
148,Andoni Gorosabel,0.009758865248226951,0,Low
149,Andre-Frank Zambo Anguissa,0.08939852933704462,0,Low
151,Andrea Belotti,0.01,0,Low
152,Andrea Cambiaso,0.0,0,Low
154,Andrea Colpani,0.0,0,Low
155,Andrea Consigli,0.0,0,Low
157,Andrea Petagna,0.0,0,Low
158,Andrea Pinamonti,0.0,0,Low
160,Andreas Bruus,0.009908190819081907,0,Low
161,Andreas Christensen,0.029758865248226952,0,Low
164,Andreas Pereira,0.009877961234745153,0,Low
165,Andrei Girotto,0.0,0,Low
166,Andrej Kramari?,0.02,0,Low
167,Andrew Gravillon,0.01,0,Low
169,Andrew Robertson,0.05920625962632932,0,Low
171,Andriy Lunin,0.10826529642371353,0,Low
173,Andr� Gomes,0.02975592246949031,0,Low
174,Andr� Hahn,0.0,0,Low
175,Andr� Onana,0.019715902130836672,0,Low
176,Andr� Silva,0.0,0,Low
177,Andr�s Guardado,0.00981805208704959,0,Low
179,Andr�s Sch�fer,0.0,0,Low
180,Andy Delort,0.029514787717717258,0,Low
181,Angel Gomes,0.0,0,Low
182,Angeli�o,0.0,0,Low
183,Angelo Fulgini,0.0,0,Low
184,Angelo Ogbonna,0.029665221798519978,0,Low
185,Angelo Stiller,0.019636826482972106,0,Low
186,Ansgar Knauff,0.0,0,Low
187,Ansu Fati,0.0,0,Low
188,Ante Budimir,0.0,0,Low
190,Ante Rebi?,0.0,0,Low
191,Anthony Caci,0.0,0,Low
192,Anthony Elanga,0.0,0,Low
193,Anthony Gordon,0.009877961234745153,0,Low
194,Anthony Jung,0.0,0,Low
196,Anthony Lopes,0.009877961234745153,0,Low
197,Anthony Losilla,0.0,0,Low
198,Anthony Lozano,0.0,0,Low
199,Anthony Martial,0.039938605994944025,0,Low
200,Anthony Modeste,0.0,0,Low
201,Anthony Rouault,0.0,0,Low
202,Antoine Griezmann,0.0,0,Low
205,Anton Stach,0.0,0,Low
206,Antonee Robinson,0.0,0,Low
208,Antonino Gallo,0.0,0,Low
209,Antonio Candreva,0.019697471243170974,0,Low
210,Antonio Raillo,0.0,0,Low
211,Antonio R�diger,0.02963388370423546,0,Low
212,Antonio Sanabria,0.0,0,Low
213,Antonio S�nchez,0.0,0,Low
215,Antony,0.0,0,Low
216,Anton�n Bar�k,0.0,0,Low
218,Arber Zeneli,0.0,0,Low
219,Ardian Ismajli,0.0,0,Low
221,Aridane Hern�ndez,0.0,0,Low
223,Aritz Elustondo,0.0,0,Low
224,Arkadiusz Milik,0.0,0,Low
225,Arkadiusz Reca,0.0,0,Low
226,Armand Lauriente,0.029163174969853777,0,Low
228,Armando Izzo,0.0,0,Low
229,Armel Bella Kotchap,0.0,0,Low
230,Arnau Martinez,0.01,0,Low
232,Arnaud Kalimuendo,0.0,0,Low
233,Arnaud Nordin,0.0,0,Low
234,Arnaud Souquet,0.0,0,Low
235,Arnaut Danjuma,0.019755922469490306,0,Low
236,Arne Engels,0.019576917335276542,0,Low
237,Arne Maier,0.0,0,Low
238,Arthur,0.0,0,Low
239,Arthur Theate,0.029697471243170973,0,Low
240,Ashley Young,0.0,0,Low
241,Asier Illarramendi,0.03957543247791613,0,Low
244,Assan Ceesay,0.0,0,Low
246,Atakan Karazor,0.05963388370423546,0,Low
248,Aur�lien Tchouam�ni,0.059612178085117956,0,Low
252,Axel Disasi,0.0,0,Low
254,Axel Witsel,0.009877961234745153,0,Low
257,Aymeric Laporte,0.6373449226908638,1,High
258,Ayoze P�rez,0.0,0,Low
259,Azor Matusiwa,0.009938605994944024,0,Low
260,Azzedine Ounahi,0.01,0,Low
263,A�ssa Mandi,0.0,0,Low
265,Bafod� Diakit�,0.019877961234745153,0,Low
269,Banzouzi Locko,0.0,0,Low
270,Baptiste Santamaria,0.00964260686755431,0,Low
271,Bart?omiej Dr?gowski,0.0,0,Low
273,Bartosz Bereszy?ski,0.0,0,Low
274,Batista Mendy,0.019755922469490306,0,Low
276,Ben Chilwell,0.019816567229689178,0,Low
277,Ben Davies,0.01,0,Low
280,Ben Johnson,0.0,0,Low
281,Ben Mee,0.0,0,Low
283,Ben White,0.07947955483330067,0,Low
284,Benjamin Andr�,0.01,0,Low
285,Benjamin Bourigeaud,0.01,0,Low
286,Benjamin Henrichs,0.0,0,Low
287,Benjamin Lecomte,0.01987721198988805,0,Low
288,Benjamin Leroy,0.019520568102299466,0,Low
289,Benjamin Pavard,0.039044078983335576,0,Low
291,Benno Schmitz,0.0,0,Low
292,Beno�t Badiashile,0.0,0,Low
293,Beno�t Costil,0.0,0,Low
294,Berat Djimsiti,0.009877961234745153,0,Low
295,Bernardo Espinosa,0.01,0,Low
296,Bernardo Silva,0.11859627119309722,0,Low
297,Bernd Leno,0.0,0,Low
298,Beto,0.0,0,Low
299,Bevic Moussiti-Oko,0.0,0,Low
301,Bilal Brahimi,0.0,0,Low
303,Bingourou Kamara,0.05899507816352124,0,Low
304,Birama Tour�,0.0,0,Low
305,Birger Meling,0.01,0,Low
308,Bobby Reid,0.0,0,Low
309,Bonke Innocent,0.019846796814025933,0,Low
311,Borja Iglesias,0.0,0,Low
312,Borja Mayoral,0.0,0,Low
313,Borna Sosa,0.039614321827320935,0,Low
314,Boubacar Kamara,0.00964260686755431,0,Low
315,Boubacar Traor�,0.0,0,Low
317,Boubakary Soumar�,0.049337135331988635,0,Low
318,Boulaye Dia,0.0,0,Low
320,Brahim D�az,0.0,0,Low
322,Brais M�ndez,0.0,0,Low
324,Bram Nuytinck,0.01,0,Low
325,Branco van den Boomen,0.0,0,Low
327,Brandon Soppy,0.0,0,Low
329,Brecht Dejaegere,0.00964260686755431,0,Low
330,Breel Embolo,0.0,0,Low
331,Brendan Chardonnet,0.0,0,Low
332,Brenden Aaronson,0.0,0,Low
333,Brennan Johnson,0.009938605994944024,0,Low
335,Brian Ocampo,0.0,0,Low
336,Brian Oliv�n,0.0,0,Low
337,Brice Samba,0.0,0,Low
338,Bruno Amione,0.0,0,Low
339,Bruno Fernandes,0.009877961234745153,0,Low
340,Bruno Guimar�es,0.03964260686755431,0,Low
342,Bryan Cristante,0.0,0,Low
343,Bryan Mbeumo,0.0,0,Low
344,Bukayo Saka,0.009938605994944024,0,Low
347,Caio Henrique Oliveira Silva,0.0,0,Low
349,Caleb Okoli,0.0,0,Low
350,Callum Hudson-Odoi,0.019755922469490306,0,Low
351,Callum Wilson,0.0,0,Low
355,Carles Ale��,0.0,0,Low
356,Carles P�rez,0.009877961234745153,0,Low
357,Carlos,0.0,0,Low
360,Carlos Clerc,0.0,0,Low
364,Carlos Gruezo,0.0,0,Low
365,Carlos Soler,0.009877961234745153,0,Low
366,Carlos Vin�cius,0.0,0,Low
368,Carmona,0.0,0,Low
370,Casemiro,0.00964260686755431,0,Low
371,Castello Lukeba,0.019938605994944025,0,Low
372,Catena,0.0,0,Low
373,Cengiz �nder,0.0,0,Low
374,Cenk �zkacar,0.0,0,Low
376,Chancel Mbemba,0.009938605994944024,0,Low
377,Charalambos Lykogiannis,0.0,0,Low
378,Charles Ar�nguiz,0.009938605994944024,0,Low
379,Charles De Ketelaere,0.019897592725945233,0,Low
380,Charles Pickel,0.0,0,Low
382,Che Adams,0.0,0,Low
384,Cheick Doucour�,0.0,0,Low
386,Cheikhou Kouyat�,0.019938605994944025,0,Low
388,Chidera Ejuke,0.0,0,Low
389,Chimuanya Ugochukwu,0.0,0,Low
390,Chris F�hrich,0.0,0,Low
391,Chris Mepham,0.0,0,Low
394,Chris Smalling,0.0,0,Low
395,Chris Wood,0.0,0,Low
397,Christian Eriksen,0.0,0,Low
398,Christian Gro�,0.009938605994944024,0,Low
399,Christian Gytkj�r,0.0,0,Low
400,Christian G�nter,0.0,0,Low
401,Christian Kouam�,0.0,0,Low
403,Christian N�rgaard,0.0,0,Low
404,Christian Pulisic,0.01,0,Low
405,Christoph Baumgartner,0.0,0,Low
406,Christoph Kramer,0.009758865248226951,0,Low
407,Christophe H�relle,0.0,0,Low
408,Christopher Antwi-Adjei,0.009758865248226951,0,Low
409,Christopher Jullien,0.0,0,Low
410,Christopher Lenz,0.009938605994944024,0,Low
411,Christopher Nkunku,0.00964260686755431,0,Low
412,Christopher Trimmel,0.0,0,Low
413,Christopher Wooh,0.0,0,Low
414,Ciprian T?t?ru?anu,0.0,0,Low
415,Ciro Immobile,0.0,0,Low
419,Cl�ment Grenier,0.0,0,Low
420,Cl�ment Lenglet,0.1,0,Low
421,Cl�ment Vidal,0.0,0,Low
425,Colin Dagba,0.009877961234745153,0,Low
427,Conor Coady,0.0,0,Low
429,Conor Gallagher,0.0,0,Low
430,Copete,0.0,0,Low
431,Corentin Tolisso,0.0,0,Low
432,Craig Dawson,0.0,0,Low
434,Cristhian Stuani,0.019816567229689178,0,Low
435,Cristian Buonaiuto,0.0,0,Low
436,Cristian Gamboa,0.0,0,Low
437,Cristian Romero,0.009938605994944024,0,Low
439,Cristiano Biraghi,0.019755922469490306,0,Low
440,Cristiano Ronaldo,0.0,0,Low
441,Crysencio Summerville,0.0,0,Low
445,Cyriel Dessers,0.0,0,Low
447,Cyrille Bayala,0.0,0,Low
448,C�dric Avinel,0.0,0,Low
450,C�dric Brunner,0.0,0,Low
451,C�dric Hountondji,0.0,0,Low
453,C�sar Azpilicueta,0.00997535160214586,0,Low
455,C�sar de la Hoz,0.01,0,Low
456,Daichi Kamada,0.01,0,Low
460,Dami�n Su�rez,0.0,0,Low
461,Dan Burn,0.0,0,Low
462,Dan-Axel Zagadou,0.02932535561284752,0,Low
463,Dango Ouattara,0.0,0,Low
464,Dani Carvajal,0.049633883704235465,0,Low
465,Dani Ceballos,0.0,0,Low
466,Dani Garc�a,0.0,0,Low
468,Dani Olmo,0.009938605994944024,0,Low
469,Dani Rodr�guez,0.0,0,Low
470,Daniel Amartey,0.19916222033195452,0,Low
472,Daniel Ciofani,0.0,0,Low
473,Daniel James,0.009877961234745153,0,Low
474,Daniel Kyereh,0.0,0,Low
476,Daniel Parejo,0.0,0,Low
477,Daniel Podence,0.0,0,Low
478,Daniel Vivian,0.0,0,Low
481,Daniele Verde,0.0,0,Low
482,Danilho Doekhi,0.0,0,Low
483,Danilo,0.009938605994944024,0,Low
484,Danilo Cataldi,0.01,0,Low
486,Danilo Pereira,0.049575432477916126,0,Low
487,Danilo Soares,0.0,0,Low
488,Danny Ings,0.02,0,Low
489,Danny Latza,0.0,0,Low
490,Danny Ward,0.019877961234745153,0,Low
491,Danny Welbeck,0.0,0,Low
492,Danny da Costa,0.0,0,Low
493,Dante,0.009877961234745153,0,Low
495,Dany Mota,0.0,0,Low
496,Darko Bra�anac,0.009938605994944024,0,Low
499,Darko Lazovi?,0.0,0,Low
502,Darwin N��ez,0.0,0,Low
505,David Alaba,0.019816567229689178,0,Low
506,David Garc�a,0.0,0,Low
507,David L�pez,0.06921803934547043,0,Low
508,David Okereke,0.0,0,Low
510,David Pereira da Costa,0.0,0,Low
511,David Raum,0.01,0,Low
512,David Raya,0.0,0,Low
513,David Silva,0.0,0,Low
514,David Soria,0.009877961234745153,0,Low
516,David Zima,0.0,0,Low
517,David de Gea,0.0,0,Low
518,Davide Calabria,0.009758865248226951,0,Low
519,Davide Faraoni,0.0,0,Low
520,Davide Frattesi,0.0,0,Low
522,Davie Selke,0.009758865248226951,0,Low
523,Davinson S�nchez,0.01,0,Low
524,Dayot Upamecano,0.01,0,Low
525,Dean Henderson,0.0,0,Low
526,Declan Rice,0.019877961234745153,0,Low
527,Degnand Gnonto,0.009758865248226951,0,Low
528,Deiver Machado,0.0,0,Low
529,Dejan Kulusevski,0.0,0,Low
530,Dejan Ljubicic,0.009877961234745153,0,Low
531,Dejan Lovren,0.0,0,Low
534,Demarai Gray,0.0,0,Low
535,Demba Seck,0.009877961234745153,0,Low
537,Denis Huseinbasic,0.0,0,Low
539,Denis Zakaria,0.6675059097812002,1,High
541,Dennis Appiah,0.0,0,Low
542,Dennis Geiger,0.00964260686755431,0,Low
543,Dennis Praet,0.0,0,Low
545,Denzel Dumfries,0.0,0,Low
552,Diego Coppola,0.0,0,Low
553,Diego Costa,0.0,0,Low
555,Diego Gonz�lez,0.009877961234745153,0,Low
556,Diego Llorente,0.009877961234745153,0,Low
558,Diego Moreno,0.0,0,Low
561,Diego Rico,0.0,0,Low
564,Dimitri Foulquier,0.009877961234745153,0,Low
565,Dimitri Li�nard,0.0,0,Low
566,Dimitri Payet,0.0,0,Low
567,Dimitris Nikolaou,0.0,0,Low
568,Diogo Dalot,0.019520568102299466,0,Low
570,Diogo Leite,0.0,0,Low
572,Dion Lopy,0.0,0,Low
574,Divock Origi,0.0,0,Low
576,Djen�,0.0,0,Low
577,Djibril Sow,0.04939852933704461,0,Low
578,Dodi Lukebakio,0.0,0,Low
579,Dod�,0.0,0,Low
580,Domagoj Bradari?,0.0,0,Low
582,Domenico Berardi,0.0,0,Low
583,Domingos Andr� Ribeiro Almeida,0.0,0,Low
584,Domingos Duarte,0.0,0,Low
586,Dominic Calvert-Lewin,0.0,0,Low
587,Dominic Solanke,0.0,0,Low
588,Dominick Drexler,0.0,0,Low
589,Dominik Kohr,0.0,0,Low
590,Dominik Szoboszlai,0.02,0,Low
593,Donyell Malen,0.0,0,Low
594,Douglas Luiz,0.0,0,Low
597,Duje ?aleta-Car,0.0,0,Low
598,Duv�n Zapata,0.009938605994944024,0,Low
599,Du�an Vlahovi?,0.0,0,Low
600,Dwight McNeil,0.0,0,Low
602,Dylan Bronn,0.009877961234745153,0,Low
604,D�sir� Dou�,0.01,0,Low
606,Eberechi Eze,0.0,0,Low
607,Eddie Nketiah,0.6472467070443535,1,High
609,Ederson,0.018314503233518912,0,Low
610,Edimilson Fernandes,0.0,0,Low
611,Edin D?eko,0.0,0,Low
612,Edinson Cavani,0.0,0,Low
613,Edmond Tapsoba,0.07898825996981966,0,Low
615,Edon Zhegrova,0.0,0,Low
616,Edouard Mendy,0.5926436021264193,1,High
617,Edu Exp�sito,0.0,0,Low
619,Eduardo Camavinga,0.009877961234745153,0,Low
621,El Bilal Tour�,0.0,0,Low
623,Elba Rashani,0.0,0,Low
625,Eliesse Ben Seghir,0.0,0,Low
626,Elif Elmas,0.039456336491397924,0,Low
627,Eliot Matazo,0.00964260686755431,0,Low
630,Ellyes Skhiri,0.019520568102299466,0,Low
631,Elseid Hysaj,0.00991830850552619,0,Low
632,Elvis Rexhbe�aj,0.0,0,Low
633,Emanuel Aiwum,0.0,0,Low
635,Emanuele Valeri,0.0,0,Low
636,Emerson,0.00996920847672523,0,Low
637,Emerson Palmieri,0.0,0,Low
638,Emi Buend�a,0.00964260686755431,0,Low
639,Emil Audero,0.0,0,Low
642,Emil Forsberg,0.01,0,Low
643,Emil Holm,0.0,0,Low
647,Emiliano Mart�nez,0.0,0,Low
649,Emmanuel Agbadou,0.0,0,Low
650,Emmanuel Dennis,0.019755922469490306,0,Low
652,Emmanuel Gyasi,0.009877961234745153,0,Low
653,Emre Can,0.00991830850552619,0,Low
654,Enes �nal,0.0,0,Low
656,Enrique Valiente,0.0,0,Low
657,Enzo Ebosse,0.0,0,Low
659,Enzo Le F�e,0.03,0,Low
661,Enzo Roco,0.0,0,Low
662,Enzo Tchato,0.0,0,Low
663,Eray C�mert,0.0,0,Low
665,Erhan Ma�ovi?,0.0,0,Low
667,Eric Dier,0.01975886524822695,0,Low
668,Eric Garc�a,0.039816567229689175,0,Low
669,Eric Martel,0.0,0,Low
670,Eric Maxim Choupo-Moting,0.0,0,Low
672,Erik Palmer-Brown,0.0,0,Low
673,Erling Haaland,0.0,0,Low
674,Ermedin Demirovi?,0.0,0,Low
677,Ethan Ampadu,0.0,0,Low
679,Ethan Pinnock,0.0,0,Low
681,Evann Guessand,0.0,0,Low
682,Exequiel Palacios,0.04923842008152762,0,Low
683,Ezequiel Ponce,0.019816567229689178,0,Low
684,Ezequiel �vila,0.0,0,Low
685,Ezri Konsa,0.009938605994944024,0,Low
687,Fabian Sch�r,0.0,0,Low
688,Fabiano Parisi,0.0,0,Low
689,Fabien Centonze,0.0,0,Low
690,Fabinho,0.02928521373510862,0,Low
693,Fabio Depaoli,0.019520568102299466,0,Low
694,Fabio Miretti,0.0,0,Low
697,Fabi�n Ruiz Pe�a,0.02959581321397331,0,Low
698,Fabrizio Angileri,0.0,0,Low
700,Facundo Medina,0.04940147211578126,0,Low
702,Faitout Maouassa,0.0,0,Low
703,Falaye Sacko,0.0,0,Low
704,Fali,0.009877961234745153,0,Low
706,Fares Cha�bi,0.0,0,Low
707,Farid El Melali,0.0,0,Low
709,Fede San Emeterio,0.009938605994944024,0,Low
710,Federico Baschirotto,0.0,0,Low
711,Federico Bonazzoli,0.0,0,Low
712,Federico Ceccherini,0.0,0,Low
714,Federico Di Francesco,0.0,0,Low
715,Federico Dimarco,0.009877961234745153,0,Low
716,Federico Fazio,0.0,0,Low
718,Federico Gatti,0.00991830850552619,0,Low
719,Federico Valverde,0.07963388370423546,0,Low
721,Felipe Anderson,0.0,0,Low
725,Felix Kalu Nmecha,0.0,0,Low
727,Ferland Mendy,0.029550421339223566,0,Low
728,Fernand Mayembo,0.0,0,Low
729,Fernando,0.01975886524822695,0,Low
730,Fernando Calero,0.009877961234745153,0,Low
733,Ferr�n Torres,0.0,0,Low
735,Fidel,0.0,0,Low
736,Fikayo Tomori,0.0,0,Low
737,Filip ?uri?i?,0.0,0,Low
739,Filip Kosti?,0.009877961234745153,0,Low
740,Filip Uremovi?,0.01,0,Low
741,Filippo Bandinelli,0.0,0,Low
742,Filippo Ranocchia,0.009877961234745153,0,Low
743,Filippo Terracciano,0.0,0,Low
744,Finn Dahmen,0.009758865248226951,0,Low
747,Flavien Tait,0.00964260686755431,0,Low
749,Flavius Daniliuc,0.01,0,Low
750,Florent Mollet,0.0,0,Low
751,Florent Ogier,0.0,0,Low
753,Florian Dietz,0.0,0,Low
754,Florian Flick,0.009758865248226951,0,Low
755,Florian Kainz,0.009877961234745153,0,Low
756,Florian Lejeune,0.0,0,Low
757,Florian M�ller,0.018314503233518912,0,Low
758,Florian Neuhaus,0.0,0,Low
759,Florian Niederlechner,0.0,0,Low
760,Florian Sotoca,0.0,0,Low
761,Florian Tardieu,0.019938605994944025,0,Low
766,Folarin Balogun,0.0,0,Low
767,Fran Beltr�n,0.02,0,Low
769,Francesco Acerbi,0.0,0,Low
770,Francesco Caputo,0.0,0,Low
772,Francis Coquelin,0.0,0,Low
773,Francisco Garcia,0.009938605994944024,0,Low
775,Francisco Portillo,0.049035355820016724,0,Low
776,Franck Honorat,0.0,0,Low
777,Franck Kessi�,0.0,0,Low
779,Franco Cervi,0.0,0,Low
781,Frank Onyeka,0.0,0,Low
785,Fred,0.009877961234745153,0,Low
787,Frederik R�nnow,0.0,0,Low
789,Fredrik Jensen,0.0,0,Low
790,Frenkie de Jong,0.02,0,Low
793,Gabriel Dos Santos,0.0397551732246332,0,Low
795,Gabriel Jesus,0.6070858125735146,1,High
796,Gabriel Paulista,0.0,0,Low
797,Gabriel Strefezza,0.0,0,Low
799,Gabriel Veiga,0.0,0,Low
802,Gary Medel,0.0,0,Low
803,Gast�n �lvarez,0.0,0,Low
804,Gauthier Gallon,0.029514787717717258,0,Low
805,Gauthier Hein,0.0,0,Low
806,Gavi,0.009938605994944024,0,Low
807,Gavin Bazunu,0.0,0,Low
810,Ga�tan Laborde,0.01,0,Low
811,Ga�tan Perrin,0.0,0,Low
812,Gedeon Kalulu,0.009877961234745153,0,Low
814,Genki Haraguchi,0.019877961234745153,0,Low
815,Geoffrey Kondogbia,0.0,0,Low
816,Georginio Rutter,0.0,0,Low
818,Gerard Deulofeu,0.009938605994944024,0,Low
819,Gerard Gumbau,0.0,0,Low
820,Gerard Moreno,0.009938605994944024,0,Low
821,Gerard Piqu�,0.009877961234745153,0,Low
823,Germ�n Pezzella,0.0,0,Low
824,Gerrit Holtmann,0.0,0,Low
825,Gerson,0.0,0,Low
826,Gerzino Nyamsi,0.0,0,Low
827,Ger�nimo Rulli,0.008436541998773759,0,Low
829,Giacomo Bonaventura,0.0,0,Low
830,Giacomo Quagliata,0.0,0,Low
831,Giacomo Raspadori,0.009938605994944024,0,Low
832,Gian Marco Ferrari,0.0,0,Low
833,Giangiacomo Magnani,0.0,0,Low
834,Gianluca Caprari,0.0,0,Low
836,Gianluca Mancini,0.009877961234745153,0,Low
838,Gianluca Scamacca,0.0,0,Low
839,Gianluigi Donnarumma,0.039038298598753365,0,Low
840,Gideon Mensah,0.059490798204705674,0,Low
842,Gio Reyna,0.0,0,Low
843,Giorgi Mamardashvili,0.019755922469490306,0,Low
844,Giorgio Scalvini,0.0,0,Low
845,Giorgos Kyriakopoulos,0.0,0,Low
846,Giovani Lo Celso,0.029877961234745155,0,Low
847,Giovanni Di Lorenzo,0.23894724670082085,0,Low
848,Giovanni Gonz�lez,0.0,0,Low
852,Giulio Maggiore,0.0,0,Low
853,Giuseppe Pezzella,0.0,0,Low
854,Gleison Bremer,0.0,0,Low
855,Gonzalo Escalante,0.00964260686755431,0,Low
856,Gonzalo Melero,0.01,0,Low
857,Gonzalo Montiel,0.0,0,Low
858,Gonzalo Plata,0.0,0,Low
859,Gonzalo Verd�,0.009877961234745153,0,Low
860,Gonzalo Villar,0.0,0,Low
861,Gon�alo Guedes,0.0,0,Low
862,Gon�alo Paci�ncia,0.0,0,Low
863,Gorka Guruzeta,0.009758865248226951,0,Low
864,Granit Xhaka,0.009877961234745153,0,Low
865,Gregor Kobel,0.008436541998773759,0,Low
866,Grejohn Kyei,0.0,0,Low
868,Grischa Pr�mel,0.009938605994944024,0,Low
869,Gr�goire Defrel,0.0,0,Low
871,Guglielmo Vicario,0.0,0,Low
872,Guido Rodr�guez,0.0,0,Low
873,Guillermo Marip�n,0.009529085872576178,0,Low
874,Guillermo Ochoa,0.009758865248226951,0,Low
877,Habib Diallo,0.0,0,Low
878,Hakan �alhano�lu,0.0,0,Low
879,Hakim Ziyech,0.0,0,Low
882,Hamari Traor�,0.04942667859852141,0,Low
883,Hamed Junior Traor�,0.009877961234745153,0,Low
884,Hamza Sakhi,0.0,0,Low
887,Hans Hateboer,0.009938605994944024,0,Low
888,Hans Nicolussi Caviglia,0.00981805208704959,0,Low
889,Haris Belkebla,0.009758865248226951,0,Low
891,Harrison Reed,0.009938605994944024,0,Low
892,Harry Kane,0.0,0,Low
893,Harry Maguire,0.00991830850552619,0,Low
895,Harry Toffolo,0.019726242906131498,0,Low
898,Harvey Barnes,0.0,0,Low
899,Harvey Elliott,0.009877961234745153,0,Low
901,Helibelton Palacios,0.0,0,Low
902,Henning Matriciani,0.0,0,Low
903,Henrikh Mkhitaryan,0.01,0,Low
906,Hicham Boudaoui,0.019581212862498334,0,Low
907,Himad Abdelli,0.0,0,Low
908,Hiroki Ito,0.0,0,Low
909,Hirving Lozano,0.009758865248226951,0,Low
910,Houboulang Mendes,0.0,0,Low
911,Houssem Aouar,0.009877961234745153,0,Low
913,Hugo Bueno,0.0,0,Low
914,Hugo Duro,0.009938605994944024,0,Low
915,Hugo Ekitike,0.01,0,Low
916,Hugo Guillam�n,0.029581212862498332,0,Low
917,Hugo Lloris,0.03963388370423546,0,Low
918,Hugo Magnetti,0.009877961234745153,0,Low
919,Hugo Mallo,0.0,0,Low
922,Hwang Hee-chan,0.0,0,Low
924,Iago,0.0,0,Low
925,Iago Aspas,0.0,0,Low
926,Ibrahim Amadou,0.0,0,Low
930,Ibrahima Diallo,0.0,0,Low
931,Ibrahima Konat�,0.03975592246949031,0,Low
932,Ibrahima Kon�,0.0,0,Low
934,Ibrahima Sissoko,0.009958986731001207,0,Low
935,Iddrisu Baba,0.0,0,Low
936,Idrissa Gana Gueye,0.009938605994944024,0,Low
937,Iglesias,0.0,0,Low
939,Ignatius Ganago,0.0,0,Low
940,Igor,0.01,0,Low
942,Igor Zubeldia,0.0,0,Low
944,Ike Ugbo,0.0,0,Low
945,Iker Muniain,0.03,0,Low
946,Ilaix Moriba,0.019816567229689178,0,Low
947,Ilia Gruev,0.0,0,Low
949,Illan Meslier,0.0,0,Low
952,Ionu? Radu,0.0,0,Low
954,Isaac Carcelen,0.0,0,Low
955,Isaac Palaz�n Camacho,0.0,0,Low
957,Isaac Success,0.009758865248226951,0,Low
958,Isak Hien,0.0,0,Low
959,Isco,0.0,0,Low
960,Islam Slimani,0.0,0,Low
961,Ismael Diallo,0.0,0,Low
962,Ismail Jakobs,0.02963388370423546,0,Low
963,Ismaily,0.009877961234745153,0,Low
964,Isma�l Bennacer,0.0,0,Low
965,Isma�l Doukour�,0.0,0,Low
968,Issa Diop,0.09892761520962079,0,Low
969,Issa Kabor�,0.0,0,Low
970,Issiaga Sylla,0.0,0,Low
971,Ivan Ili?,0.0,0,Low
972,Ivan Ordets,0.0,0,Low
973,Ivan Peri�i?,0.0,0,Low
974,Ivan Provedel,0.0,0,Low
975,Ivan Radovanovi?,0.039514787717717256,0,Low
976,Ivan Rakiti?,0.0,0,Low
977,Ivan Toney,0.009877961234745153,0,Low
978,Ivan �unji?,0.0,0,Low
980,Iv�n Alejo,0.0,0,Low
981,Iv�n Balliu,0.0,0,Low
982,Iv�n Fresneda,0.0,0,Low
983,Iv�n Mart�n,0.03989759272594523,0,Low
985,Iv�n S�nchez,0.0,0,Low
987,Iyenoma Udogie,0.019697471243170974,0,Low
988,I�aki Williams,0.0,0,Low
989,I�igo Lekue,0.0,0,Low
990,I�igo Mart�nez,0.0,0,Low
991,I�igo Ruiz de Galarreta,0.009877961234745153,0,Low
994,Jack Grealish,0.009877961234745153,0,Low
995,Jack Harrison,0.0,0,Low
999,Jackson Porozo,0.02,0,Low
1001,Jacob Murphy,0.009938605994944024,0,Low
1002,Jacob Ramsey,0.0,0,Low
1006,Jadon Sancho,0.0,0,Low
1007,Jaidon Anthony,0.0,0,Low
1011,Jaka Bijol,0.0,0,Low
1012,Jakub Kami?ski,0.0,0,Low
1013,Jakub Kiwior,0.0,0,Low
1017,Jamal Musiala,0.0,0,Low
1020,James Justin,0.0,0,Low
1021,James Maddison,0.00964260686755431,0,Low
1022,James Milner,0.059433831835746756,0,Low
1023,James Tarkowski,0.0,0,Low
1025,James Ward-Prowse,0.01975886524822695,0,Low
1028,Jamie Vardy,0.0,0,Low
1029,Jan Bednarek,0.01,0,Low
1031,Jan Oblak,0.05885340790706631,0,Low
1033,Jan Thielmann,0.0,0,Low
1034,Janik Haberer,0.0,0,Low
1036,Janis Blaswich,0.008436541998773759,0,Low
1040,Jarrod Bowen,0.0,0,Low
1043,Jaume Costa,0.0,0,Low
1044,Javi,0.05957543247791612,0,Low
1045,Javi Gal�n,0.0,0,Low
1046,Javi Puado,0.0,0,Low
1047,Javi S�nchez,0.0,0,Low
1051,Jawad El Yamiq,0.01,0,Low
1057,Jean-Charles Castelletto,0.0,0,Low
1058,Jean-Clair Todibo,0.10874712521804662,0,Low
1060,Jean-Daniel Akpa-Akpro,0.0,0,Low
1061,Jean-Eudes Aholou,0.0,0,Low
1062,Jean-Kevin Duverne,0.0,0,Low
1063,Jean-Paul Bo�tius,0.009877961234745153,0,Low
1064,Jean-Philippe Mateta,0.0,0,Low
1065,Jean-Ricner Bellegarde,0.0,0,Low
1066,Jean-Victor Makengo,0.01,0,Low
1069,Jefferson Lerma,0.0,0,Low
1070,Jeffrey Gouweleeuw,0.0,0,Low
1071,Jeffrey Schlupp,0.0,0,Low
1072,Jeison Murillo,0.0,0,Low
1073,Jens Cajuste,0.0,0,Low
1074,Jens Stage,0.0,0,Low
1075,Jeong Woo-yeong,0.0,0,Low
1076,Jerdy Schouten,0.0,0,Low
1077,Jere Uronen,0.0,0,Low
1078,Jeremie Boga,0.0,0,Low
1079,Jeremie Frimpong,0.0,0,Low
1080,Jeremy Doku,0.009938605994944024,0,Low
1082,Jeremy Toljan,0.0,0,Low
1083,Jerem�as Ledesma,0.0,0,Low
1085,Jesper Lindstr�m,0.0,0,Low
1086,Jesse Lingard,0.02,0,Low
1090,Jes�s Navas,0.029636826482972105,0,Low
1092,Jhon Lucum�,0.01,0,Low
1093,Ji?� Pavlenka,0.009877961234745153,0,Low
1094,Jim Allevinah,0.0,0,Low
1095,Jimmy Cabot,0.009877961234745153,0,Low
1096,Joachim Andersen,0.0,0,Low
1097,Joakim M�hle,0.02995898673100121,0,Low
1098,Joan Gonz�lez,0.0,0,Low
1099,Joan Jord�n,0.039581212862498334,0,Low
1103,Joaqu�n Correa,0.0,0,Low
1104,Joaqu�n Fern�ndez,0.0,0,Low
1106,Joe Aribo,0.0,0,Low
1109,Joe Gomez,0.01,0,Low
1110,Joe Rodon,0.0,0,Low
1112,Joe Scally,0.0,0,Low
1113,Joe Willock,0.01,0,Low
1114,Joe Worrall,0.0,0,Low
1118,Joel Ward,0.0,0,Low
1119,Joelinton,0.0,0,Low
1120,Johan Gastien,0.01,0,Low
1121,Johan Mojica,0.0,0,Low
1122,Johan V�squez,0.0,0,Low
1123,Johann Lepenant,0.019897592725945233,0,Low
1126,John McGinn,0.0,0,Low
1127,John Stones,0.7367760526995215,1,Critical
1130,Jon Moncayola,0.019520568102299466,0,Low
1132,Jon Pacheco,0.05940704710732133,0,Low
1133,Jonas Hector,0.0,0,Low
1134,Jonas Hofmann,0.01,0,Low
1136,Jonas Omlin,0.0,0,Low
1137,Jonas Wind,0.0,0,Low
1138,Jonathan Bamba,0.0,0,Low
1139,Jonathan Burkardt,0.0,0,Low
1140,Jonathan Clauss,0.0,0,Low
1141,Jonathan David,0.019529085872576176,0,Low
1142,Jonathan Gradit,0.06888954471935865,0,Low
1143,Jonathan Ikone,0.01,0,Low
1144,Jonathan Tah,0.02,0,Low
1146,Jonjoe Kenny,0.0,0,Low
1147,Jonny Castro,0.039395691731199056,0,Low
1148,Jonny Evans,0.03957543247791613,0,Low
1150,Jordan Ayew,0.0,0,Low
1151,Jordan Ferri,0.03,0,Low
1152,Jordan Henderson,0.0,0,Low
1153,Jordan Larsson,0.0,0,Low
1154,Jordan Lotomba,0.009877961234745153,0,Low
1155,Jordan Pefok,0.0,0,Low
1156,Jordan Pickford,0.0,0,Low
1157,Jordan Veretout,0.03957543247791613,0,Low
1158,Jordan Zemura,0.0,0,Low
1159,Jordi Alba,0.00964260686755431,0,Low
1160,Jordi Masip,0.0,0,Low
1161,Jordi Osei-Tutu,0.009938605994944024,0,Low
1163,Jorginho,0.0,0,Low
1164,Joris Chotard,0.0,0,Low
1165,Josan,0.0,0,Low
1166,Joseba Zald�a,0.00981805208704959,0,Low
1167,Joselu,0.0,0,Low
1168,Joseph Aidoo,0.0,0,Low
1170,Josh Dasilva,0.019877961234745153,0,Low
1171,Josh Doig,0.0,0,Low
1173,Josha Vagnoman,0.0,0,Low
1174,Joshua Kimmich,0.029938605994944023,0,Low
1176,Joshua Zirkzee,0.01975886524822695,0,Low
1180,Josuha Guilavogui,0.029694528464434333,0,Low
1182,Jos� Fonte,0.039938605994944025,0,Low
1184,Jos� Luis Gay�,0.0,0,Low
1185,Jos� Luis Morales,0.0,0,Low
1186,Jos� Luis Palomino,0.01,0,Low
1188,Jos� Mar�a Gim�nez,0.0,0,Low
1190,Jos� S�,0.009877961234745153,0,Low
1191,Jo�ko Gvardiol,0.009877961234745153,0,Low
1192,Jo�l Matip,0.12796854602117758,0,Low
1193,Jo�l Veltman,0.07947310845050072,0,Low
1194,Jo�o Cancelo,0.019520568102299466,0,Low
1195,Jo�o F�lix,0.0,0,Low
1197,Jo�o Moutinho,0.00964260686755431,0,Low
1198,Jo�o Palhinha,0.0,0,Low
1200,Juan Bernat,0.019755922469490306,0,Low
1201,Juan Brand�riz,0.01,0,Low
1203,Juan Carlos,0.019715902130836672,0,Low
1205,Juan Cruz Armada,0.0,0,Low
1206,Juan Cuadrado,0.0,0,Low
1207,Juan Foyth,0.039514787717717256,0,Low
1208,Juan Jesus,0.14987796123474514,0,Low
1211,Juan Musso,0.0,0,Low
1214,Juanmi,0.059907814471669256,0,Low
1215,Juanpe,0.0,0,Low
1216,Jubal,0.0,0,Low
1217,Jude Bellingham,0.029758865248226952,0,Low
1218,Jules Kound�,0.11890753667017967,0,Low
1220,Julian Brandt,0.0,0,Low
1221,Julian Chabot,0.009877961234745153,0,Low
1222,Julian Jeanvier,0.0,0,Low
1224,Julian Ryerson,0.0,0,Low
1225,Julian Weigl,0.01,0,Low
1226,Julien Laporte,0.0,0,Low
1228,Julien Ponceau,0.01964260686755431,0,Low
1231,Juli�n �lvarez,0.0,0,Low
1232,Junior Dina Ebimbe,0.0,0,Low
1234,Junior Messias,0.009938605994944024,0,Low
1237,Junya Ito,0.0,0,Low
1239,Justin Kluivert,0.0,0,Low
1241,J�rgen Strand Larsen,0.0,0,Low
1244,J�r�mie Bela,0.009877961234745153,0,Low
1245,J�r�my Le Douaron,0.0,0,Low
1246,Kaan Ayhan,0.0,0,Low
1247,Kai Havertz,0.0,0,Low
1248,Kaiky,0.009877961234745153,0,Low
1250,Kalidou Koulibaly,0.6889876930497251,1,High
1252,Kamaldeen Sulemana,0.0,0,Low
1253,Kamory Doumbia,0.0,0,Low
1254,Kaoru Mitoma,0.01987721198988805,0,Low
1256,Karim Adeyemi,0.009938605994944024,0,Low
1258,Karim Benzema,0.01,0,Low
1259,Karim Onisiwo,0.0,0,Low
1260,Karim Rekik,0.009877961234745153,0,Low
1261,Karl Toko Ekambi,0.0,0,Low
1263,Karol Linetty,0.009958986731001207,0,Low
1264,Kasper Dolberg,0.0,0,Low
1265,Kasper Schmeichel,0.009877961234745153,0,Low
1270,Kelechi Iheanacho,0.0,0,Low
1271,Kelvin Amian,0.0,0,Low
1273,Kenan Karaman,0.0,0,Low
1276,Kenny Lala,0.0,0,Low
1277,Kenny Tete,0.0,0,Low
1278,Kepa Arrizabalaga,0.02837514799371778,0,Low
1279,Kerem Demirbay,0.0,0,Low
1282,Kevin Agudelo,0.009938605994944024,0,Low
1283,Kevin Akpoguma,0.0,0,Low
1284,Kevin Behrens,0.0,0,Low
1285,Kevin Bonifazi,0.009758865248226951,0,Low
1286,Kevin Danso,0.029340078110725285,0,Low
1287,Kevin De Bruyne,0.6956349452381134,1,High
1288,Kevin Kampl,0.019938605994944025,0,Low
1289,Kevin Lasagna,0.00964260686755431,0,Low
1293,Kevin Spadanuda,0.0,0,Low
1294,Kevin St�ger,0.0,0,Low
1295,Kevin Trapp,0.03939274895246241,0,Low
1296,Kevin Vogt,0.0,0,Low
1301,Khalil Fayad,0.019816567229689178,0,Low
1302,Khvicha Kvaratskhelia,0.0297551732246332,0,Low
1303,Kh�phren Thuram-Ulie,0.02975592246949031,0,Low
1304,Kieffer Moore,0.0,0,Low
1305,Kieran Tierney,0.029697471243170973,0,Low
1306,Kieran Trippier,0.0496368264829721,0,Low
1307,Kiernan Dewsbury-Hall,0.0,0,Low
1308,Kike,0.009938605994944024,0,Low
1309,Kike Barja,0.009877961234745153,0,Low
1310,Kike P�rez,0.0,0,Low
1311,Kiko Femen�a,0.0,0,Low
1313,Kiliann Sildillia,0.0,0,Low
1314,Kim Min-jae,0.18947880558844357,0,Low
1315,Kingsley Coman,0.01,0,Low
1316,Kingsley Ehizibue,0.0,0,Low
1317,Kingsley Schindler,0.009877961234745153,0,Low
1318,Ko Itakura,0.09900286032129464,0,Low
1319,Koen Casteels,0.0,0,Low
1320,Koffi Djidji,0.0,0,Low
1321,Koke,0.0,0,Low
1322,Komnen Andri?,0.0,0,Low
1323,Koni De Winter,0.0,0,Low
1324,Konrad Laimer,0.01987721198988805,0,Low
1325,Konstantinos Mavropanos,0.0,0,Low
1326,Koray G�nter,0.0,0,Low
1327,Kostas Stafylidis,0.0,0,Low
1328,Kostas Tsimikas,0.019877961234745153,0,Low
1329,Kouadio Kon�,0.0,0,Low
1332,Kristian Thorstvedt,0.0,0,Low
1333,Kristijan Bistrovi?,0.009958986731001207,0,Low
1334,Kristijan Jaki?,0.0,0,Low
1336,Kristoffer Ajer,0.0,0,Low
1337,Kristoffer Askildsen,0.01,0,Low
1338,Krzysztof Pi?tek,0.0,0,Low
1339,Kr�pin Diatta,0.0,0,Low
1340,Kurt Zouma,0.009938605994944024,0,Low
1341,Kyle Walker,0.04969747124317097,0,Low
1342,Kyle Walker-Peters,0.009758865248226951,0,Low
1343,Kylian Mbapp�,0.03921803934547044,0,Low
1345,K�vin Gameiro,0.0,0,Low
1348,Lameck Banda,0.0,0,Low
1349,Largie Ramazani,0.009758865248226951,0,Low
1350,Lars Stindl,0.0,0,Low
1351,Lassana Coulibaly,0.0,0,Low
1352,Lassine Sinayoko,0.0,0,Low
1355,Laurent Abergel,0.03987796123474516,0,Low
1357,Lautaro Mart�nez,0.0,0,Low
1359,Lazar Samardzic,0.0,0,Low
1360,Leander Dendoncker,0.04952056810229946,0,Low
1361,Leandro Barreiro Martins,0.0,0,Low
1362,Leandro Cabrera,0.0,0,Low
1363,Leandro Paredes,0.0,0,Low
1365,Leandro Trossard,0.00964260686755431,0,Low
1368,Lee Jae-sung,0.0,0,Low
1369,Lee Kangin,0.0,0,Low
1371,Leny Yoro,0.06933283980476684,0,Low
1374,Leon Bailey,0.0,0,Low
1375,Leon Goretzka,0.01996920847672523,0,Low
1376,Leonardo Balerdi,0.0,0,Low
1377,Leonardo Bittencourt,0.0,0,Low
1378,Leonardo Bonucci,0.0,0,Low
1379,Leonardo C�sar Jardim,0.04929182653576806,0,Low
1380,Leonardo Sernicola,0.0,0,Low
1381,Leonardo Spinazzola,0.0,0,Low
1382,Leroy San�,0.04,0,Low
1383,Levi Colwill,0.049816567229689176,0,Low
1386,Lewis Cook,0.0,0,Low
1387,Lewis Dunk,0.00964260686755431,0,Low
1388,Lewis Ferguson,0.00981805208704959,0,Low
1390,Lewis O'Brien,0.0,0,Low
1391,Liam Cooper,0.0,0,Low
1392,Liam Henderson,0.029877211989888047,0,Low
1394,Lilian Brassier,0.0,0,Low
1397,Linton Maina,0.0,0,Low
1398,Lionel Messi,0.04939494248634195,0,Low
1400,Lisandro Mart�nez,0.05903829859875337,0,Low
1401,Lloyd Kelly,0.0,0,Low
1404,Lois Diony,0.0,0,Low
1407,Lorenzo Colombo,0.0,0,Low
1408,Lorenzo De Silvestri,0.0,0,Low
1410,Lorenzo Montip�,0.0,0,Low
1411,Lorenzo Pellegrini,0.0,0,Low
1412,Lorenzo Pirola,0.019696013321794745,0,Low
1413,Lorenzo Venuti,0.01,0,Low
1414,Lovro Majer,0.009938605994944024,0,Low
1415,Lo�c Bade,0.0,0,Low
1416,Lo�s Openda,0.0,0,Low
1417,Luca Caldirola,0.0,0,Low
1419,Luca Kilian,0.0,0,Low
1423,Luca Pellegrini,0.02983226610261607,0,Low
1424,Luca Pfeiffer,0.0,0,Low
1427,Luca Zanimacchia,0.0,0,Low
1430,Lucas Boy�,0.009877961234745153,0,Low
1431,Lucas Chevalier,0.009938605994944024,0,Low
1432,Lucas Digne,0.0,0,Low
1433,Lucas Hern�ndez,0.01,0,Low
1434,Lucas H�ler,0.01,0,Low
1435,Lucas Mart�nez Quarta,0.009877961234745153,0,Low
1438,Lucas Olaza,0.009938605994944024,0,Low
1439,Lucas Oliveira Rosa,0.0,0,Low
1440,Lucas Paquet�,0.0,0,Low
1441,Lucas Perrin,0.0,0,Low
1442,Lucas P�rez,0.0,0,Low
1443,Lucas Robertone,0.00996920847672523,0,Low
1444,Lucas Torr�,0.009877961234745153,0,Low
1445,Lucas Tousart,0.0,0,Low
1446,Lucas V�zquez,0.029520568102299465,0,Low
1448,Ludovic Ajorque,0.0,0,Low
1449,Ludovic Blas,0.0,0,Low
1451,Luigi Sepe,0.0,0,Low
1452,Luis Alberto,0.009877961234745153,0,Low
1453,Luis D�az,0.0,0,Low
1454,Luis Hern�ndez,0.0,0,Low
1455,Luis Javier Su�rez,0.0,0,Low
1456,Luis Milla,0.00964260686755431,0,Low
1457,Luis Muriel,0.0,0,Low
1458,Luis P�rez,0.0,0,Low
1459,Luis Sinisterra,0.04991805722182665,0,Low
1460,Luiz Felipe,0.0,0,Low
1461,Luiz Henrique,0.0,0,Low
1462,Luka Jovi?,0.0,0,Low
1463,Luka Lochoshvili,0.0,0,Low
1465,Luka Modri?,0.048960180322628416,0,Low
1468,Lukas K�bler,0.0,0,Low
1469,Lukas Nmecha,0.0,0,Low
1471,Luke Ayling,0.0,0,Low
1473,Luke Shaw,0.02,0,Low
1474,Luke Thomas,0.01,0,Low
1475,Luk� Hr�deck?,0.0,0,Low
1477,Lyanco,0.0,0,Low
1478,L�o Baptist�o,0.0,0,Low
1479,L�o Leroy,0.0,0,Low
1481,M'Bala Nzola,0.0,0,Low
1482,M'Baye Niang,0.0,0,Low
1484,Mads Pedersen,0.0,0,Low
1485,Mads Roerslev,0.0,0,Low
1487,Mahdi Camara,0.0,0,Low
1489,Makoto Hasebe,0.0,0,Low
1493,Malick Thiaw,0.0,0,Low
1494,Malo Gusto,0.03987796123474516,0,Low
1495,Mama Samba Bald�,0.0,0,Low
1497,Mamadou Mbaye,0.0,0,Low
1498,Mamadou Sakho,0.0,0,Low
1500,Manolo Gabbiadini,0.0,0,Low
1503,Manu Trigueros,0.019636826482972106,0,Low
1505,Manuel Akanji,0.14915370256167781,0,Low
1509,Manuel Lazzari,0.00964260686755431,0,Low
1510,Manuel Locatelli,0.00991830850552619,0,Low
1511,Manuel Neuer,0.008436541998773759,0,Low
1512,Manuel Riemann,0.0,0,Low
1513,Manuel S�nchez,0.0,0,Low
1514,Maranh�o,0.0,0,Low
1517,Marc Cucurella,0.6966646336721061,1,High
1518,Marc Gu�hi,0.0,0,Low
1519,Marc Roca,0.0,0,Low
1520,Marc-Andr� ter Stegen,0.0,0,Low
1521,Marc-Oliver Kempf,0.0,0,Low
1522,Marcel Halstenberg,0.07895803658042545,0,Low
1523,Marcel Sabitzer,0.029279433350526417,0,Low
1525,Marcelo Brozovi?,0.04958121286249833,0,Low
1529,Marco Asensio,0.03951403847286015,0,Low
1531,Marco Bizot,0.01975886524822695,0,Low
1532,Marco Carnesecchi,0.00981805208704959,0,Low
1534,Marco Friedl,0.009877961234745153,0,Low
1536,Marco Reus,0.0,0,Low
1537,Marco Richter,0.0,0,Low
1538,Marco Silvestri,0.019696013321794745,0,Low
1539,Marco Sportiello,0.07764880095966199,0,Low
1540,Marco Verratti,0.0,0,Low
1541,Marcos Acu�a,0.0,0,Low
1542,Marcos Alonso,0.019877961234745153,0,Low
1544,Marcos Llorente,0.0,0,Low
1545,Marcos Senesi,0.0,0,Low
1547,Marcus Ingvartsen,0.0,0,Low
1548,Marcus Rashford,0.0,0,Low
1549,Marcus Tavernier,0.0,0,Low
1550,Marcus Thuram,0.0,0,Low
1555,Marin Pongra?i?,0.0,0,Low
1557,Mario G�tze,0.009938605994944024,0,Low
1558,Mario Hermoso,0.0,0,Low
1560,Mario Lemina,0.0,0,Low
1561,Mario Pa�ali?,0.0,0,Low
1563,Marius B�lter,0.0,0,Low
1564,Marius Wolf,0.0,0,Low
1565,Mark Flekken,0.0,0,Low
1566,Mark Travers,0.06927071018720757,0,Low
1568,Marko Arnautovi?,0.0,0,Low
1572,Marko Pjaca,0.0,0,Low
1573,Marlon,0.029877961234745155,0,Low
1575,Marquinhos,0.05939852933704461,0,Low
1576,Marshall Munetsi,0.0,0,Low
1577,Marten de Roon,0.0,0,Low
1579,Martin Braithwaite,0.0,0,Low
1580,Martin Erlic,0.0,0,Low
1581,Martin Hongla,0.0,0,Low
1582,Martin Satriano,0.0,0,Low
1583,Martin Terrier,0.0,0,Low
1584,Martin Valjent,0.0,0,Low
1585,Martin �degaard,0.009758865248226951,0,Low
1586,Martinelli,0.029938605994944023,0,Low
1588,Mart�n Zubimendi,0.0,0,Low
1589,Marvin Ducksch,0.0,0,Low
1590,Marvin Friedrich,0.06963607723811499,0,Low
1591,Marvin Plattenhardt,0.0,0,Low
1592,Marvin Schw�be,0.0,0,Low
1595,Mason Mount,0.0,0,Low
1596,Massadio Ha�dara,0.0,0,Low
1598,Mateo Kova?i?,0.06901430908574178,0,Low
1600,Mateusz Lis,0.029279433350526417,0,Low
1601,Mateusz Wieteska,0.0,0,Low
1602,Matheus Cunha,0.009758865248226951,0,Low
1603,Matheus Henrique,0.009877961234745153,0,Low
1604,Matheus Nunes,0.0,0,Low
1605,Mathias Autret,0.0,0,Low
1606,Mathias Jensen,0.0,0,Low
1607,Mathias J�rgensen,0.0,0,Low
1609,Mathias Pereira Lage,0.0,0,Low
1610,Mathieu Coutadeur,0.00964260686755431,0,Low
1613,Math�as Olivera,0.05951478771771725,0,Low
1614,Matija Nastasi?,0.019816567229689178,0,Low
1617,Mats Hummels,0.029877961234745155,0,Low
1618,Matt Doherty,0.01,0,Low
1620,Matt Targett,0.039154556979426006,0,Low
1621,Matteo Bianchetti,0.0,0,Low
1623,Matteo Darmian,0.019401472115781263,0,Low
1624,Matteo Gabbia,0.0,0,Low
1625,Matteo Lovato,0.0,0,Low
1626,Matteo Pessina,0.02928521373510862,0,Low
1627,Matteo Politano,0.0,0,Low
1628,Matteo Ruggeri,0.03,0,Low
1629,Matthias Ginter,0.0,0,Low
1630,Matthijs de Ligt,0.009877961234745153,0,Low
1632,Mattia Caldara,0.0,0,Low
1633,Mattia De Sciglio,0.019816567229689178,0,Low
1634,Mattia Destro,0.0,0,Low
1635,Mattia Perin,0.019816567229689178,0,Low
1637,Mattia Viti,0.00991830850552619,0,Low
1638,Mattia Zaccagni,0.0,0,Low
1639,Mattias Svanberg,0.0,0,Low
1640,Matty Cash,0.0,0,Low
1641,Matt�o Guendouzi,0.01,0,Low
1642,Matz Sels,0.0,0,Low
1644,Mat�as Vecino,0.0,0,Low
1646,Mauro Arambarri,0.019755922469490306,0,Low
1647,Max Kilman,0.0,0,Low
1649,Maxence Caqueret,0.0,0,Low
1650,Maxence Lacroix,0.0,0,Low
1652,Maxim Leitsch,0.0,0,Low
1653,Maxime Busi,0.0,0,Low
1654,Maxime Dup�,0.0,0,Low
1655,Maxime Est�ve,0.0,0,Low
1656,Maxime Gonalons,0.01,0,Low
1657,Maxime Le Marchand,0.019877961234745153,0,Low
1658,Maxime Lopez,0.019636826482972106,0,Low
1659,Maximilian Arnold,0.0,0,Low
1660,Maximilian Bauer,0.0,0,Low
1661,Maximilian Eggestein,0.0,0,Low
1662,Maximilian Mittelst�dt,0.0,0,Low
1665,Maximiliano Caufriez,0.019877961234745153,0,Low
1667,Maya Yoshida,0.0,0,Low
1668,Mehdi Bourabia,0.0,0,Low
1669,Mehdi L�ris,0.0,0,Low
1673,Melvin Bard,0.0,0,Low
1675,Mergim Berisha,0.0,0,Low
1676,Merih Demiral,0.0,0,Low
1679,Michael Gregoritsch,0.0,0,Low
1681,Michael Olise,0.0,0,Low
1683,Michail Antonio,0.00964260686755431,0,Low
1684,Michel Aebischer,0.01,0,Low
1686,Michele Castagnetti,0.0,0,Low
1687,Michele Di Gregorio,0.0,0,Low
1689,Micka�l Alphonse,0.0,0,Low
1692,Mickey van de Ven,0.01,0,Low
1693,Miguel Almir�n,0.009529085872576178,0,Low
1694,Miguel Guti�rrez,0.0,0,Low
1695,Miguel Veloso,0.0,0,Low
1696,Miha Bla?i?,0.01,0,Low
1698,Mike Maignan,0.019715902130836672,0,Low
1700,Mikel Merino,0.009877961234745153,0,Low
1702,Mikel Vesga,0.0,0,Low
1704,Mikkel Desler,0.00964260686755431,0,Low
1705,Milan ?uri?,0.0,0,Low
1706,Milan �kriniar,0.02,0,Low
1708,Milo� Veljkovi?,0.0,0,Low
1710,Mitchel Bakker,0.0,0,Low
1711,Mitchell Weiser,0.0,0,Low
1712,Mitchell van Bergen,0.0,0,Low
1713,Moanes Dabbur,0.0,0,Low
1716,Mohamed Camara,0.0,0,Low
1718,Mohamed Elyounoussi,0.0,0,Low
1719,Mohamed Lamine Bayo,0.009758865248226951,0,Low
1720,Mohamed Salah,0.0,0,Low
1721,Mohamed Simakan,0.04,0,Low
1722,Mohamed Youssouf,0.0,0,Low
1723,Mohammed Salisu,0.0,0,Low
1724,Moi G�mez,0.019877961234745153,0,Low
1725,Moise Kean,0.009938605994944024,0,Low
1727,Mois�s Caicedo,0.06985331283689102,0,Low
1728,Monchu,0.0,0,Low
1729,Montassar Talbi,0.0,0,Low
1730,Morgan Gibbs-White,0.0,0,Low
1734,Morten Hjulmand,0.0,0,Low
1735,Morten Thorsby,0.0,0,Low
1736,Mory Diaw,0.0,0,Low
1737,Moses Simon,0.0,0,Low
1738,Mostafa Mohamed,0.0,0,Low
1739,Mouctar Diakhaby,0.0,0,Low
1740,Mouhamadou Diarra,0.0,0,Low
1741,Mounaim El Idrissy,0.0,0,Low
1742,Moussa Demb�l�,0.0,0,Low
1743,Moussa Diaby,0.0,0,Low
1744,Moussa Diarra,0.0,0,Low
1745,Moussa Djenepo,0.0,0,Low
1748,Moussa Sissoko,0.0,0,Low
1751,Muhammed Saracevic Cham,0.019877961234745153,0,Low
1753,Musa Barrow,0.0,0,Low
1757,M�rgim Vojvoda,0.0,0,Low
1758,M�rio Rui,0.0,0,Low
1762,Nabil Bentaleb,0.0,0,Low
1763,Nabil Fekir,0.0,0,Low
1766,Nacho,0.08881570032575276,0,Low
1767,Nacho Vidal,0.0,0,Low
1768,Nadiem Amiri,0.03966667971989621,0,Low
1770,Nahuel Molina,0.0,0,Low
1771,Nampalys Mendy,0.029694528464434333,0,Low
1772,Naouirou Ahamada,0.03987796123474516,0,Low
1773,Nathan Ak�,0.18927943335052638,0,Low
1774,Nathan Collins,0.0,0,Low
1775,Nathan N'Goumou,0.019857412461627783,0,Low
1776,Nathan Patterson,0.0,0,Low
1781,Nathaniel Clyne,0.0,0,Low
1783,Nayef Aguerd,0.0,0,Low
1784,Neal Maupay,0.0,0,Low
1785,Neco Williams,0.0,0,Low
1786,Nedim Bajrami,0.029758865248226952,0,Low
1787,Neeskens Kebano,0.0,0,Low
1788,Nehu�n P�rez,0.01,0,Low
1790,Nemanja Gudelj,0.02964260686755431,0,Low
1791,Nemanja Maksimovi?,0.019816567229689178,0,Low
1792,Nemanja Mati?,0.029758865248226952,0,Low
1793,Nemanja Radonji?,0.0,0,Low
1794,Neto,0.0,0,Low
1795,Neto Borges,0.0,0,Low
1796,Neymar,0.01,0,Low
1797,Nick Pope,0.0,0,Low
1798,Niclas F�llkrug,0.009758865248226951,0,Low
1799,Nico Elvedi,0.07929537281813274,0,Low
1800,Nico Ribaudo,0.0,0,Low
1801,Nico Schlotterbeck,0.05910746975464645,0,Low
1802,Nico Williams,0.0,0,Low
1803,Nicola Murru,0.009938605994944024,0,Low
1804,Nicola Sansone,0.009758865248226951,0,Low
1805,Nicola Zalewski,0.0,0,Low
1807,Nicolas Cozza,0.0,0,Low
1808,Nicolas Haas,0.0,0,Low
1809,Nicolas H�fler,0.0,0,Low
1810,Nicolas Jackson,0.0,0,Low
1811,Nicolas Pallois,0.0,0,Low
1812,Nicolas P�p�,0.01975886524822695,0,Low
1813,Nicol� Barella,0.01,0,Low
1814,Nicol� Cambiaghi,0.009877961234745153,0,Low
1815,Nicol� Casale,0.06969452846443433,0,Low
1816,Nicol� Fagioli,0.0,0,Low
1817,Nicol� Rovella,0.0,0,Low
1818,Nicol� Zaniolo,0.0,0,Low
1819,Nicol�s Dom�nguez,0.0,0,Low
1821,Nicol�s Gonz�lez,0.0,0,Low
1822,Nicol�s Tagliafico,0.01,0,Low
1825,Niklas Schmidt,0.0,0,Low
1826,Niklas Stark,0.009938605994944024,0,Low
1827,Niklas S�le,0.09880000145282589,0,Low
1829,Niko Gie�elmann,0.0,0,Low
1830,Nikola Milenkovi?,0.009877961234745153,0,Low
1831,Nikola Moro,0.019836947965746362,0,Low
1832,Nikola Soldo,0.0,0,Low
1833,Nikola Vla�i?,0.009877961234745153,0,Low
1834,Nikolas Nartey,0.029734875735215365,0,Low
1836,Noah Fadiga,0.0,0,Low
1841,Norbert Gy�mb�r,0.0,0,Low
1842,Nordi Mukiele,0.0,0,Low
1844,Noussair Mazraoui,0.039520568102299466,0,Low
1845,Nuno Mendes,0.0,0,Low
1846,Nuno Tavares,0.0,0,Low
1847,Nuno da Costa,0.009938605994944024,0,Low
1848,N�lson Semedo,0.0,0,Low
1849,Obite N'Dicka,0.0,0,Low
1850,Odilon Kossonou,0.00991830850552619,0,Low
1851,Odsonne �douard,0.0,0,Low
1852,Ohis Felix Uduokhai,0.0,0,Low
1853,Oier Zarraga,0.0,0,Low
1854,Oihan Sancet,0.0,0,Low
1855,Ola Aina,0.01,0,Low
1858,Oleksandr Zinchenko,0.6989300057672253,1,High
1860,Oliver Baumann,0.008436541998773759,0,Low
1862,Oliver Christensen,0.01,0,Low
1865,Olivier Giroud,0.0,0,Low
1866,Ollie Watkins,0.0,0,Low
1867,Omar Alderete,0.0,0,Low
1868,Omar Colley,0.0,0,Low
1870,Omar Marmoush,0.0,0,Low
1871,Omar Mascarell,0.0,0,Low
1873,Ondrej Duda,0.0,0,Low
1874,Orel Mangala,0.009758865248226951,0,Low
1875,Oriol Romeu,0.019877961234745153,0,Low
1877,Oumar Gonzalez,0.0,0,Low
1879,Ousmane Demb�l�,0.029816567229689176,0,Low
1881,Ozan Kabak,0.0,0,Low
1884,Pablo Fornals,0.0,0,Low
1887,Pablo Maffeo,0.0,0,Low
1888,Pablo Mar�,0.0,0,Low
1892,Pablo Rosario,0.00964260686755431,0,Low
1893,Pablo Sarabia,0.0,0,Low
1896,Paolo Ghiglione,0.0,0,Low
1899,Pape Gueye,0.0,0,Low
1901,Papu G�mez,0.0,0,Low
1902,Pascal Gro�,0.01,0,Low
1904,Pascal Struijk,0.0,0,Low
1905,Pasquale Mazzocchi,0.0,0,Low
1906,Path� Ciss,0.029816567229689176,0,Low
1907,Patric,0.0,0,Low
1908,Patrick Bamford,0.0,0,Low
1910,Patrick Ciurria,0.01,0,Low
1912,Patrick Osterhage,0.0,0,Low
1913,Patrick Pentz,0.009758865248226951,0,Low
1914,Patrick Wimmer,0.0,0,Low
1915,Patrik Schick,0.0,0,Low
1916,Patson Daka,0.0,0,Low
1917,Pau L�pez,0.008436541998773759,0,Low
1918,Pau Torres,0.019877961234745153,0,Low
1920,Paul Bernardoni,0.00964260686755431,0,Low
1921,Paul Jaeckel,0.0,0,Low
1922,Paul Joly,0.02963388370423546,0,Low
1924,Paul Seguin,0.0,0,Low
1927,Paulo Dybala,0.0,0,Low
1928,Paulo Gazzaniga,0.00964260686755431,0,Low
1929,Paulo Ot�vio,0.0,0,Low
1930,Pavel Kade?�bek,0.009938605994944024,0,Low
1931,Pawe? Dawidowicz,0.00981805208704959,0,Low
1932,Pedri,0.02,0,Low
1933,Pedro,0.009758865248226951,0,Low
1934,Pedro Bigas,0.0,0,Low
1935,Pedro Chirivella,0.01,0,Low
1936,Pedro Neto,0.009877961234745153,0,Low
1937,Pedro Obiang,0.01,0,Low
1941,Pepe Reina,0.009758865248226951,0,Low
1942,Pep�n,0.0,0,Low
1943,Pere Milla,0.0,0,Low
1944,Perr Schuurs,0.0,0,Low
1945,Pervis Estupi��n,0.019877961234745153,0,Low
1946,Petar Stojanovi?,0.0,0,Low
1949,Petko Hristov,0.0,0,Low
1950,Phil Foden,0.6666411554247467,1,High
1951,Philip Billing,0.0,0,Low
1952,Philipp F�rster,0.0,0,Low
1953,Philipp Hofmann,0.0,0,Low
1954,Philipp Lienhart,0.0,0,Low
1956,Philippe Coutinho,0.0,0,Low
1958,Piero Hincapi�,0.0794897765790247,0,Low
1959,Pierre H�jbjerg,0.0693919997076053,0,Low
1960,Pierre Kalulu,0.0,0,Low
1962,Pierre Lees-Melou,0.0,0,Low
1963,Pierre-Emerick Aubameyang,0.0,0,Low
1964,Pierrick Capelle,0.02963388370423546,0,Low
1965,Pietro Pellegri,0.019958986731001205,0,Low
1966,Pietro Terracciano,0.0,0,Low
1967,Piotr Zieli?ski,0.009877961234745153,0,Low
1968,Pol Lirola,0.0,0,Low
1970,Pontus Jansson,0.0,0,Low
1971,Portu,0.0,0,Low
1972,Predrag Rajkovi?,0.0,0,Low
1973,Presnel Kimpembe,0.039514787717717256,0,Low
1974,Przemys?aw Frankowski,0.009877961234745153,0,Low
1976,P�ter Gul�csi,0.05766723184732769,0,Low
1978,Quentin Bernard,0.009529085872576178,0,Low
1980,Quentin Merlin,0.00964260686755431,0,Low
1981,R?zvan Marin,0.0,0,Low
1982,Radamel Falcao,0.0,0,Low
1983,Rade Kruni?,0.00981805208704959,0,Low
1984,Rafa Mir,0.009877961234745153,0,Low
1985,Rafa? Gikiewicz,0.009758865248226951,0,Low
1986,Rafael Borr�,0.0,0,Low
1987,Rafael Le�o,0.01,0,Low
1988,Rafael Rat�o,0.0,0,Low
1989,Rafael Tol�i,0.0,0,Low
1991,Raheem Sterling,0.0,0,Low
1994,Ramy Bensebaini,0.0,0,Low
1996,Randal Kolo Muani,0.009758865248226951,0,Low
1998,Rani Khedira,0.0,0,Low
2001,Rapha�l Guerreiro,0.029636826482972105,0,Low
2002,Rapha�l Varane,0.0,0,Low
2003,Raphinha,0.039163174969853776,0,Low
2005,Rasmus H�jlund,0.0,0,Low
2006,Rasmus Nicolaisen,0.0,0,Low
2007,Rasmus Nissen,0.0,0,Low
2008,Rayan A�t Nouri,0.01,0,Low
2009,Rayan Cherki,0.019636826482972106,0,Low
2010,Rayan Raveloson,0.019938605994944025,0,Low
2011,Ra�l Albiol,0.009938605994944024,0,Low
2012,Ra�l Garc�a,0.0,0,Low
2013,Ra�l Guti,0.0,0,Low
2017,Reece James,0.657956622639733,1,High
2020,Reinildo Mandava,0.01,0,Low
2023,Remo Freuler,0.0,0,Low
2024,Renan Lodi,0.0,0,Low
2025,Renato Sanches,0.009877961234745153,0,Low
2026,Renato Tapia,0.0,0,Low
2028,Renaud Ripart,0.0,0,Low
2030,Riad Nouri,0.0,0,Low
2033,Ricardo Rodr�guez,0.0,0,Low
2035,Riccardo Orsolini,0.0,0,Low
2036,Riccardo Saponara,0.0,0,Low
2037,Riccardo Sottil,0.009758865248226951,0,Low
2038,Richarlison,0.01,0,Low
2039,Rick Karsdorp,0.0,0,Low
2040,Rico Henry,0.0,0,Low
2041,Rico Lewis,0.059877961234745154,0,Low
2042,Ridle Baku,0.0,0,Low
2043,Ritsu Doan,0.0,0,Low
2044,Riyad Mahrez,0.04957543247791613,0,Low
2046,Robert Andrich,0.019636826482972106,0,Low
2047,Robert Gumny,0.0,0,Low
2048,Robert Lewandowski,0.009938605994944024,0,Low
2049,Robert Skov,0.0,0,Low
2050,Robert S�nchez,0.01,0,Low
2053,Roberto Firmino,0.0,0,Low
2054,Roberto Gagliardini,0.019836947965746362,0,Low
2057,Roberto Pereyra,0.0,0,Low
2059,Roberto Soriano,0.009938605994944024,0,Low
2061,Robin Gosens,0.019877961234745153,0,Low
2062,Robin Knoche,0.0,0,Low
2063,Robin Koch,0.0,0,Low
2064,Robin Le Normand,0.01,0,Low
2066,Robin Zentner,0.00981805208704959,0,Low
2068,Rodri,0.02,0,Low
2069,Rodrigo,0.0,0,Low
2070,Rodrigo Battaglia,0.0,0,Low
2071,Rodrigo Bec�o,0.0,0,Low
2072,Rodrigo Bentancur,0.04,0,Low
2073,Rodrigo De Paul,0.019816567229689178,0,Low
2074,Rodrigo Ely,0.0,0,Low
2075,Rodrigo Riquelme,0.0,0,Low
2076,Rodrigo Zalazar,0.0,0,Low
2077,Rodrygo,0.019636826482972106,0,Low
2078,Roger Ibanez,0.019467691867520204,0,Low
2079,Roger Mart�,0.019636826482972106,0,Low
2081,Rog�rio,0.0,0,Low
2082,Roland Sallai,0.0,0,Low
2083,Rolando Mandragora,0.0,0,Low
2084,Romain Del Castillo,0.0,0,Low
2085,Romain Faivre,0.009877961234745153,0,Low
2086,Romain Hamouma,0.0,0,Low
2087,Romain Perraud,0.0,0,Low
2088,Romano Schmid,0.0,0,Low
2089,Romelu Lukaku,0.0,0,Low
2090,Rominigue Kouam�,0.01996920847672523,0,Low
2091,Rom�o Lavia,0.02975592246949031,0,Low
2092,Ronald Ara�jo,0.06952908587257617,0,Low
2093,Ronaldo Vieira,0.019520568102299466,0,Low
2094,Rona�l Pierre-Gabriel,0.0,0,Low
2095,Rony Lopes,0.0,0,Low
2096,Roque Mesa,0.0,0,Low
2097,Ross Barkley,0.009877961234745153,0,Low
2098,Ruan,0.01,0,Low
2100,Ruben Aguilar,0.0,0,Low
2101,Ruben Loftus-Cheek,0.029847169711470386,0,Low
2102,Ruben Vargas,0.0,0,Low
2104,Rub�n Alcaraz,0.0,0,Low
2106,Rub�n Garc�a,0.009758865248226951,0,Low
2107,Rub�n Pe�a,0.0,0,Low
2108,Rub�n Sobrino,0.0,0,Low
2109,Rui Patr�cio,0.049270710187207564,0,Low
2110,Rui Silva,0.0,0,Low
2111,Ruslan Malinovskyi,0.0,0,Low
2112,Ryan Christie,0.0,0,Low
2114,Ryan Fredericks,0.0,0,Low
2116,Ryan Sessegnon,0.0,0,Low
2117,Ryan Yates,0.0,0,Low
2118,R�ben Dias,0.019938605994944025,0,Low
2119,R�ben Neves,0.01,0,Low
2121,R�my Cabella,0.029696013321794744,0,Low
2127,Sada Thioub,0.0,0,Low
2128,Sadio Man�,0.0,0,Low
2129,Sael Kumbedi,0.029816567229689176,0,Low
2130,Saidy Janko,0.0,0,Low
2131,Salih �zcan,0.01,0,Low
2133,Salis Abdul Samed,0.03,0,Low
2140,Sam Lammers,0.009758865248226951,0,Low
2143,Samir Handanovi?,0.009758865248226951,0,Low
2144,Samu Castillejo,0.0,0,Low
2145,Samu Costa,0.009877961234745153,0,Low
2146,Samuel,0.0,0,Low
2147,Samuel Chukwueze,0.0,0,Low
2149,Samuel Edozie,0.0,0,Low
2150,Samuel Gigot,0.0,0,Low
2152,Samuel Moutoussamy,0.0,0,Low
2154,Samuel Umtiti,0.009877961234745153,0,Low
2155,Samuele Birindelli,0.0,0,Low
2156,Samuele Ricci,0.0,0,Low
2158,Sandi Lovri?,0.0,0,Low
2159,Sandro Tonali,0.0,0,Low
2160,Sanjin Prci?,0.0,0,Low
2162,Santi Comesa�a,0.0,0,Low
2164,Santiago Ascac�bar,0.009877961234745153,0,Low
2165,Santiago Bueno,0.0,0,Low
2167,Sargis Adamyan,0.019877961234745153,0,Low
2169,Sa�a Luki?,0.009938605994944024,0,Low
2170,Sa�d Benrahma,0.009877961234745153,0,Low
2171,Sa�f-Eddine Khaoui,0.0,0,Low
2172,Sa�l ��guez,0.00997945122688263,0,Low
2173,Scott McKenna,0.0,0,Low
2174,Scott McTominay,0.03951258055148392,0,Low
2175,Sead Kola�inac,0.01,0,Low
2176,Sean Longstaff,0.0,0,Low
2177,Sebastiaan Bornauw,0.0,0,Low
2178,Sebastian Polter,0.0,0,Low
2179,Sebastian Rode,0.01,0,Low
2180,Sebastian Rudy,0.0,0,Low
2182,Sebastiano Luperto,0.0,0,Low
2183,Sehrou Guirassy,0.00964260686755431,0,Low
2184,Seko Fofana,0.03975592246949031,0,Low
2187,Sepe Elye Wahi,0.00964260686755431,0,Low
2189,Serge Aurier,0.0,0,Low
2190,Serge Gnabry,0.029697471243170973,0,Low
2191,Sergej Milinkovi?-Savi?,0.009877961234745153,0,Low
2193,Sergi Darder,0.0,0,Low
2194,Sergi Guardiola,0.0,0,Low
2195,Sergi G�mez,0.01,0,Low
2196,Sergi Roberto,0.0,0,Low
2197,Sergio Akieme,0.0,0,Low
2198,Sergio Asenjo,0.03927365296594421,0,Low
2199,Sergio Busquets,0.09969452846443433,0,Low
2200,Sergio Camello,0.0,0,Low
2201,Sergio Canales,0.039520568102299466,0,Low
2202,Sergio Escudero,0.0,0,Low
2204,Sergio Herrera,0.0,0,Low
2205,Sergio Le�n,0.0,0,Low
2206,Sergio Ramos,0.05975592246949031,0,Low
2209,Shandon Baptiste,0.03957543247791613,0,Low
2211,Sheraldo Becker,0.0,0,Low
2212,Shon Weissman,0.0,0,Low
2214,Silas Katompa,0.009877961234745153,0,Low
2215,Silvan Widmer,0.0,0,Low
2217,Simon Kj�r,0.0,0,Low
2218,Simon Terodde,0.0,0,Low
2219,Simon Zoller,0.0,0,Low
2220,Simone Bastoni,0.0,0,Low
2222,Simone Verdi,0.0,0,Low
2223,Sinaly Diomande,0.01,0,Low
2225,Sofiane Boufal,0.01,0,Low
2226,Sofiane Diop,0.029636826482972105,0,Low
2227,Sofyan Amrabat,0.029697471243170973,0,Low
2228,Soichiro Kozuki,0.0,0,Low
2229,Solly March,0.01,0,Low
2230,Son Heung-min,0.0,0,Low
2231,Soualiho Me�t�,0.009938605994944024,0,Low
2232,Souleyman Doumbia,0.0,0,Low
2234,Souleymane Tour�,0.0,0,Low
2236,Sr?an Babi?,0.01,0,Low
2237,Stanislav Lobotka,0.14861656868251505,0,Low
2238,Stanley N'Soki,0.0,0,Low
2240,Stefan Bell,0.0,0,Low
2242,Stefan Mitrovi?,0.00996920847672523,0,Low
2243,Stefan Posch,0.0,0,Low
2244,Stefan Savi?,0.009877961234745153,0,Low
2245,Stefan de Vrij,0.0,0,Low
2246,Stefano Sensi,0.009877961234745153,0,Low
2247,Steffen Tigges,0.0,0,Low
2248,Stephan El Shaarawy,0.0,0,Low
2249,Stephy Mavididi,0.0,0,Low
2250,Stevan Joveti?,0.0,0,Low
2251,Steve Cook,0.0,0,Low
2252,Steve Mandanda,0.0,0,Low
2253,Steve Mouni�,0.0,0,Low
2255,Stijn Spierings,0.0,0,Low
2256,Stole Dimitrievski,0.0,0,Low
2257,Stuart Armstrong,0.029877961234745155,0,Low
2258,St�phane Diarra,0.0,0,Low
2259,Suat Serdar,0.0,0,Low
2262,Sven Botman,0.0,0,Low
2266,S�amus Coleman,0.0,0,Low
2267,S�bastien Corchia,0.0,0,Low
2270,Taiwo Awoniyi,0.0,0,Low
2271,Takefusa Kubo,0.0,0,Low
2272,Takehiro Tomiyasu,0.5764583078038734,1,High
2273,Takuma Asano,0.0,0,Low
2274,Takumi Minamino,0.0,0,Low
2275,Tammy Abraham,0.009758865248226951,0,Low
2277,Tanguy Ndombele,0.029816567229689176,0,Low
2278,Tanguy Nianzou,0.009877961234745153,0,Low
2279,Tariq Lamptey,0.01,0,Low
2281,Terem Moffi,0.009758865248226951,0,Low
2282,Tete Morente,0.0,0,Low
2283,Tet�,0.009877961234745153,0,Low
2284,Teun Koopmeiners,0.009877961234745153,0,Low
2285,Theo Bongonda,0.0,0,Low
2286,Theo Hern�ndez,0.0,0,Low
2289,Thiago Alc�ntara,0.09966373694115957,0,Low
2290,Thiago Mendes,0.029529085872576175,0,Low
2291,Thiago Silva,0.577596954899828,1,High
2292,Thibault De Smet,0.009938605994944024,0,Low
2293,Thibaut Courtois,0.008436541998773759,0,Low
2294,Thierno Balde,0.019938605994944025,0,Low
2295,Thierry Correia,0.0,0,Low
2296,Thijs Dallinga,0.0,0,Low
2297,Thilo Kehrer,0.0,0,Low
2299,Thomas Delaine,0.0,0,Low
2300,Thomas Delaney,0.00964260686755431,0,Low
2301,Thomas Foket,0.019520568102299466,0,Low
2302,Thomas Henry,0.0,0,Low
2304,Thomas Lemar,0.0,0,Low
2305,Thomas Mangani,0.0,0,Low
2306,Thomas Meunier,0.019796269740271343,0,Low
2307,Thomas M�ller,0.0,0,Low
2308,Thomas Ouwejan,0.0,0,Low
2309,Thomas Partey,0.6882782314957572,1,High
2310,Thorgan Hazard,0.009758865248226951,0,Low
2311,Th�o Le Bris,0.01,0,Low
2313,Tiago Djal�,0.049575432477916126,0,Low
2314,Tiago Tom�s,0.00964260686755431,0,Low
2317,Tim Ream,0.0,0,Low
2320,Timo H�bers,0.0,0,Low
2321,Timo Werner,0.019520568102299466,0,Low
2323,Timothy Castagne,0.0,0,Low
2326,Timothy Weah,0.009877961234745153,0,Low
2330,Tobias Mohr,0.0,0,Low
2333,Tolgay Arslan,0.0,0,Low
2335,Tom Cairney,0.029520568102299465,0,Low
2336,Tom Davies,0.049422602189386516,0,Low
2337,Tom Krau�,0.0,0,Low
2339,Toma Ba�i?,0.009758865248226951,0,Low
2340,Tommaso Augello,0.0,0,Low
2341,Tommaso Baldanzi,0.0,0,Low
2343,Tommaso Pobega,0.0,0,Low
2345,Tom� Sou?ek,0.0,0,Low
2347,Tom�s Rinc�n,0.0,0,Low
2348,Toni Kroos,0.029877961234745155,0,Low
2349,Toni Lato,0.009938605994944024,0,Low
2350,Toni Villa,0.009877961234745153,0,Low
2351,Tonny Vilhena,0.0,0,Low
2353,Tosin Adarabioyo,0.0,0,Low
2355,Trent Alexander-Arnold,0.029636826482972105,0,Low
2356,Trevoh Chalobah,0.029816567229689176,0,Low
2358,Tuta,0.0,0,Low
2359,Tyler Adams,0.01,0,Low
2361,Tyrell Malacia,0.0,0,Low
2363,Tyrick Mitchell,0.0,0,Low
2364,Tyrone Mings,0.0,0,Low
2365,Tyronne Ebuehi,0.0,0,Low
2366,T�ji Savanier,0.0,0,Low
2369,Unai Garc�a,0.0,0,Low
2370,Unai L�pez,0.0,0,Low
2371,Unai N��ez,0.0,0,Low
2372,Unai Sim�n,0.0,0,Low
2376,Valentin Gendrey,0.0,0,Low
2377,Valentin Rongier,0.03979191883183504,0,Low
2378,Valentino Lazaro,0.0,0,Low
2379,Valent�n Castellanos,0.0,0,Low
2380,Valerio Verre,0.0,0,Low
2381,Valery,0.04959212119037956,0,Low
2382,Val�re Germain,0.009938605994944024,0,Low
2383,Vanderson,0.0,0,Low
2384,Vanja Milinkovi?-Savi?,0.0,0,Low
2385,Vassilis Lambropoulos,0.0,0,Low
2386,Vedat Muriqi,0.0,0,Low
2388,Vicente Guaita,0.0,0,Low
2390,Victor Lindel�f,0.08942940419964969,0,Low
2391,Victor Osimhen,0.0,0,Low
2392,Viktor Kovalenko,0.0,0,Low
2394,Vincent Le Goff,0.0,0,Low
2395,Vincent Marchetti,0.0,0,Low
2397,Vincenzo Grifo,0.0,0,Low
2398,Vinicius J�nior,0.02,0,Low
2399,Vinicius Souza,0.0,0,Low
2400,Virgil van Dijk,0.04969601332179474,0,Low
2401,Vitaliy Mykolenko,0.0,0,Low
2402,Vitaly Janelt,0.0,0,Low
2403,Vitinha,0.02,0,Low
2404,Vito Mannone,0.04897690459369739,0,Low
2406,Vlad Chiriche?,0.0,0,Low
2407,Vladim�r Coufal,0.0,0,Low
2409,V�ctor Chust,0.0,0,Low
2410,V�ctor Ruiz,0.0,0,Low
2411,Wahbi Khazri,0.0,0,Low
2412,Walace,0.0,0,Low
2413,Waldemar Anton,0.0,0,Low
2420,Wataru Endo,0.0,0,Low
2423,Wesley Sa�d,0.019877961234745153,0,Low
2424,Weston McKennie,0.009758865248226951,0,Low
2425,Wilfred Ndidi,0.049126230164552344,0,Low
2426,Wilfried Kanga,0.0,0,Low
2427,Wilfried Singo,0.0,0,Low
2428,Wilfried Zaha,0.029514787717717258,0,Low
2429,Will Hughes,0.0,0,Low
2430,Willi Orban,0.009938605994944024,0,Low
2431,William Carvalho,0.1294316618051575,0,Low
2432,William Saliba,0.6576274778922847,1,High
2434,Willian,0.0,0,Low
2437,Willy Boly,0.0,0,Low
2438,Wilson Odobert,0.0,0,Low
2439,Wissam Ben Yedder,0.0,0,Low
2440,Wladimiro Falcone,0.0,0,Low
2441,Wojciech Szcz?sny,0.00981805208704959,0,Low
2442,Wout Faes,0.0,0,Low
2444,Xaver Schlager,0.0,0,Low
2445,Xavier Chavalerin,0.0,0,Low
2446,Xeka,0.0,0,Low
2448,Yahia Fofana,0.009758865248226951,0,Low
2449,Yan Couto,0.0,0,Low
2450,Yan Valery,0.0,0,Low
2451,Yangel Herrera,0.0,0,Low
2456,Yann Sommer,0.0,0,Low
2457,Yannick Carrasco,0.0,0,Low
2458,Yannick Gerhardt,0.0,0,Low
2459,Yannik Keitel,0.0,0,Low
2460,Yasser Larouci,0.0,0,Low
2461,Yassine Bounou,0.0,0,Low
2462,Yayah Kallon,0.0,0,Low
2463,Yehvann Diouf,0.0,0,Low
2464,Yeray �lvarez,0.0,0,Low
2465,Yeremi Pino,0.0,0,Low
2467,Yoane Wissa,0.0,0,Low
2468,Yoann Cathline,0.009938605994944024,0,Low
2469,Yoann Salmier,0.0,0,Low
2470,Yoann Touzghar,0.0,0,Low
2471,Yohann Magnin,0.0,0,Low
2473,Youcef Atal,0.0,0,Low
2474,Youcef Bela�li,0.029279433350526417,0,Low
2475,Youri Tielemans,0.1197551732246332,0,Low
2476,Youssef En-Nesyri,0.0,0,Low
2477,Youssef Maleh,0.0,0,Low
2478,Youssouf Fofana,0.0,0,Low
2479,Youssouf Kon�,0.0,0,Low
2480,Youssouf M'Changama,0.009758865248226951,0,Low
2482,Youssouf Sabaly,0.01,0,Low
2483,Youssoufa Moukoko,0.0,0,Low
2484,Yunis Abdelhamid,0.0,0,Low
2485,Yunus Musah,0.0,0,Low
2486,Yuri Berchiche,0.0,0,Low
2490,Yves Bissouma,0.029918308505526188,0,Low
2491,Yvon Mvogo,0.00964260686755431,0,Low
2493,Zakaria Aboukhlal,0.009877961234745153,0,Low
2494,Zeki �elik,0.009908190819081907,0,Low
2496,Zouhair Feddal,0.0,0,Low
2498,�der Milit�o,0.01,0,Low
2500,�derson,0.01987721198988805,0,Low
2501,�dgar Bad�a,0.0,0,Low
2502,�dgar Gonz�lez,0.0,0,Low
2503,�lex Berenguer,0.0,0,Low
2504,�lex Collado,0.0,0,Low
2505,�lex Fern�ndez,0.0,0,Low
2506,�lex Moreno,0.01,0,Low
2507,�lex Remiro,0.0,0,Low
2508,�liver Torres,0.0,0,Low
2509,�lkay G�ndo�an,0.029756658081993615,0,Low
2510,�lvaro Aguado,0.01,0,Low
2511,�lvaro Fern�ndez,0.0,0,Low
2512,�lvaro Garc�a,0.0,0,Low
2514,�lvaro Morata,0.0,0,Low
2515,�lvaro Negredo,0.0,0,Low
2516,�ngel Algobia,0.0,0,Low
2517,�ngel Correa,0.019816567229689178,0,Low
2518,�ngel Di Mar�a,0.0,0,Low
2520,�rik Lamela,0.0,0,Low
2522,�scar Gil,0.0,0,Low
2523,�scar Mingueza,0.009938605994944024,0,Low
2524,�scar Plano,0.0,0,Low
2525,�scar Rodr�guez Arnaiz,0.009877961234745153,0,Low
2526,�scar Trejo,0.00981805208704959,0,Low
2527,�scar Valent�n,0.019938605994944025,0,Low
2528,�scar de Marcos,0.0,0,Low
2529,�tienne Capoue,0.01,0,Low
2530,��igo Eguaras,0.019520568102299466,0,Low
